ident,type,name,elevation_ft,continent,iso_country,iso_region,municipality,gps_code,iata_code,local_code,longitude,latitude
NZCH,large_airport,Christchurch International Airport,123,OC,NZ,NZ-CAN,Christchurch,NZCH,CHC,,172.5319977,-43.48939896
NZWN,large_airport,Wellington International Airport,41,OC,NZ,NZ-WGN,Wellington,NZWN,WLG,,174.8049927,-41.32720184
YMML,large_airport,Melbourne International Airport,434,OC,AU,AU-VIC,Melbourne,YMML,MEL,,144.843002,-37.673302
NZAA,large_airport,Auckland International Airport,23,OC,NZ,NZ-AUK,Auckland,NZAA,AKL,,174.7920074,-37.0080986
YSCB,large_airport,Canberra International Airport,1886,OC,AU,AU-ACT,Canberra,YSCB,CBR,,149.1950073,-35.30690002
YPAD,large_airport,Adelaide International Airport,20,OC,AU,AU-SA,Adelaide,YPAD,ADL,,138.531006,-34.945
SUMU,large_airport,Carrasco International /General C L Berisso Airport,105,SA,UY,UY-CA,Montevideo,SUMU,MVD,,-56.0308,-34.838402
SAEZ,large_airport,Ministro Pistarini International Airport,67,SA,AR,AR-B,Buenos Aires,SAEZ,EZE,EZE,-58.5358,-34.8222
FAGG,large_airport,George Airport,648,AF,ZA,ZA-WC,George,FAGG,GRJ,,22.378902,-34.0056
FACT,large_airport,Cape Town International Airport,151,AF,ZA,ZA-WC,Cape Town,FACT,CPT,,18.60169983,-33.96480179
YSSY,large_airport,Sydney Kingsford Smith International Airport,21,OC,AU,AU-NSW,Sydney,YSSY,SYD,,151.177002,-33.94609833
SCEL,large_airport,Comodoro Arturo Merino Benítez International Airport,1555,SA,CL,CL-RM,Santiago,SCEL,SCL,,-70.78579712,-33.39300156
YPPH,large_airport,Perth International Airport,67,OC,AU,AU-WA,Perth,YPPH,PER,,115.9670029,-31.94029999
FALE,large_airport,King Shaka International Airport,295,AF,ZA,ZA-NL,Durban,FALE,DUR,,31.11972222,-29.61444444
SBFL,large_airport,Hercílio Luz International Airport,16,SA,BR,BR-SC,Florianópolis,SBFL,FLN,,-48.55250168,-27.67027855
YBBN,large_airport,Brisbane International Airport,13,OC,AU,AU-QLD,Brisbane,YBBN,BNE,,153.1170044,-27.38419914
FAJS,large_airport,OR Tambo International Airport,5558,AF,ZA,ZA-GT,Johannesburg,FAOR,JNB,,28.246,-26.1392
FAOR,large_airport,OR Tambo International Airport,5558,AF,ZA,ZA-GT,Johannesburg,FAOR,JNB,,28.246,-26.1392
SBCT,large_airport,Afonso Pena Airport,2988,SA,BR,BR-PR,Curitiba,SBCT,CWB,,-49.17580032,-25.5284996
SBSP,large_airport,Congonhas Airport,2631,SA,BR,BR-SP,São Paulo,SBSP,CGH,,-46.65638733,-23.62611008
SBGR,large_airport,Guarulhos - Governador André Franco Montoro International Airport,2459,SA,BR,BR-SP,São Paulo,SBGR,GRU,,-46.47305679,-23.43555641
SBGL,large_airport,Rio Galeão – Tom Jobim International Airport,28,SA,BR,BR-RJ,Rio De Janeiro,SBGL,GIG,,-43.25055695,-22.80999947
NCRG,large_airport,Rarotonga International Airport,19,OC,CK,CK-U-A,Avarua,NCRG,RAR,,-159.8059998,-21.20269966
FIMR,large_airport,Sir Charles Gaetan Duval Airport,95,AF,MU,MU-VP,Port Mathurin,FIMR,RRG,,63.361,-19.7577
SBCF,large_airport,Tancredo Neves International Airport,2715,SA,BR,BR-MG,Belo Horizonte,SBCF,CNF,,-43.9719429,-19.62444305
SBBR,large_airport,Presidente Juscelino Kubistschek International Airport,3497,SA,BR,BR-DF,Brasília,SBBR,BSB,,-47.92083359,-15.86916733
FLLS,large_airport,Kenneth Kaunda International Airport Lusaka,3779,AF,ZM,ZM-09,Lusaka,FLKK,LUN,,28.45260048,-15.33080006
SPZO,large_airport,Alejandro Velasco Astete International Airport,10860,SA,PE,PE-CUS,Cusco,SPZO,CUZ,,-71.938797,-13.53569984
SBSV,large_airport,Deputado Luiz Eduardo Magalhães International Airport,64,SA,BR,BR-BA,Salvador,SBSV,SSA,,-38.32249832,-12.9086113
SPIM,large_airport,Jorge Chávez International Airport,113,SA,PE,PE-LIM,Lima,SPJC,LIM,,-77.114305,-12.0219
AYPY,large_airport,Port Moresby Jacksons International Airport,146,OC,PG,PG-NCD,Port Moresby,AYPY,POM,,147.2200012,-9.443380356
WADD,large_airport,Ngurah Rai (Bali) International Airport,14,AS,ID,ID-BA,Denpasar-Bali Island,WADD,DPS,,115.1669998,-8.748169899
WARR,large_airport,Juanda International Airport,9,AS,ID,ID-JI,Surabaya,WARR,SUB,,112.7870026,-7.379829884
HTDA,large_airport,Julius Nyerere International Airport,182,AF,TZ,TZ-02,Dar es Salaam,HTDA,DAR,,39.202599,-6.87811
HTZA,large_airport,Abeid Amani Karume International Airport,54,AF,TZ,TZ-07,Zanzibar,HTZA,ZNZ,,39.224899,-6.22202
WIII,large_airport,Soekarno-Hatta International Airport,34,AS,ID,ID-BT,Jakarta,WIII,CGK,,106.6559982,-6.12556982
SBSG,large_airport,Governador Aluízio Alves International Airport,272,SA,BR,BR-RN,Natal,SBSG,NAT,,-35.376111,-5.768056
WAAA,large_airport,Hasanuddin International Airport,47,AS,ID,ID-SN,Ujung Pandang-Celebes Island,WAAA,UPG,,119.5540009,-5.061629772
HKMO,large_airport,Mombasa Moi International Airport,200,AF,KE,KE-300,Mombasa,HKMO,MBA,,39.59420013,-4.034830093
SBBE,large_airport,Val de Cans/Júlio Cezar Ribeiro International Airport,54,SA,BR,BR-PA,Belém,SBBE,BEL,,-48.47629929,-1.37925005
HKJK,large_airport,Jomo Kenyatta International Airport,5330,AF,KE,KE-110,Nairobi,HKJK,NBO,,36.92779922,-1.319239974
SELT,large_airport,Cotopaxi International Airport,9205,SA,EC,EC-X,Latacunga,SELT,LTX,,-78.615799,-0.906833
WAXX,large_airport,Dominique Edward Osok Airport,10,AS,ID,ID-PB,Sorong-Papua Island,WASS,SOQ,,131.287,-0.894
SEQM,large_airport,Mariscal Sucre International Airport,7841,SA,EC,EC-P,Quito,SEQM,UIO,UIO,-78.3575,-0.129166667
WSSS,large_airport,Singapore Changi Airport,22,AS,SG,SG-04,Singapore,WSSS,SIN,,103.994003,1.35019
WMKK,large_airport,Kuala Lumpur International Airport,69,AS,MY,MY-14,Kuala Lumpur,WMKK,KUL,,101.7099991,2.745579958
WIMM,large_airport,Kualanamu International Airport,23,AS,ID,ID-SU,,WIMM,KNO,,98.885278,3.642222
VRMM,large_airport,Malé International Airport,6,AS,MV,MV-MLE,Malé,VRMM,MLE,,73.52909851,4.191830158
SKBO,large_airport,El Dorado International Airport,8361,SA,CO,CO-CUN,Bogota,SKBO,BOG,BOG,-74.1469,4.70159
HSSJ,large_airport,Juba International Airport,1513,AF,SS,SS-17,Juba,HSSJ,JUB,,31.60110092,4.872010231
DNAI,large_airport,Akwa Ibom International Airport,170,AF,NG,NG-AK,Uyo,DNAI,QUO,,8.093,4.8725
WBSB,large_airport,Brunei International Airport,73,AS,BN,BN-BM,Bandar Seri Begawan,WBSB,BWN,,114.9280014,4.944200039
DGAA,large_airport,Kotoka International Airport,205,AF,GH,GH-AA,Accra,DGAA,ACC,,-0.166786,5.6051898
VCRI,large_airport,Mattala Rajapaksa International Airport,157,AS,LK,LK-3,,VCRI,HRI,VCRI,81.124128,6.284467
DNMM,large_airport,Murtala Muhammed International Airport,135,AF,NG,NG-LA,Lagos,DNMM,LOS,,3.321160078,6.577370167
RPMD,large_airport,Francisco Bangoy International Airport,96,AS,PH,PH-DAV,Davao City,RPMD,DVO,,125.6460037,7.125520229
VCBI,large_airport,Bandaranaike International Colombo Airport,30,AS,LK,LK-1,Colombo,VCBI,CMB,,79.88410187,7.180759907
VTSP,large_airport,Phuket International Airport,82,AS,TH,TH-83,Phuket,VTSP,HKT,,98.316902,8.1132
VOTV,large_airport,Trivandrum International Airport,15,AS,IN,IN-KL,Thiruvananthapuram,VOTV,TRV,,76.92009735,8.48211956
PH-0001,large_airport,Laguindingan Airport,190,AS,PH,PH-MSR,Cagayan de Oro City,RPMY,CGY,,124.456496,8.612203
HAAB,large_airport,Addis Ababa Bole International Airport,7630,AF,ET,ET-AA,Addis Ababa,HAAB,ADD,,38.79930115,8.977890015
DNAA,large_airport,Nnamdi Azikiwe International Airport,1123,AF,NG,NG-FC,Abuja,DNAA,ABV,,7.263169765,9.006790161
MPTO,large_airport,Tocumen International Airport,135,NA,PA,PA-8,Tocumen,MPTO,PTY,,-79.38349915,9.071359634
SVBC,large_airport,General José Antonio Anzoategui International Airport,30,SA,VE,VE-B,Barcelona,SVBC,BLA,,-64.692222,10.111111
VOCI,large_airport,Cochin International Airport,30,AS,IN,IN-KL,Kochi,VOCI,COK,,76.401901,10.152
RPVM,large_airport,Mactan Cebu International Airport,31,AS,PH,PH-CEB,Lapu-Lapu City,RPVM,CEB,,123.9789963,10.30749989
MRLB,large_airport,Daniel Oduber Quiros International Airport,270,NA,CR,CR-G,Liberia,MRLB,LIR,,-85.544403,10.5933
SVMI,large_airport,Simón Bolívar International Airport,234,SA,VE,VE-X,Caracas,SVMI,CCS,,-66.991222,10.601194
VVTS,large_airport,Tan Son Nhat International Airport,33,AS,VN,VN-23,Ho Chi Minh City,VVTS,SGN,,106.6520004,10.81879997
VOCL,large_airport,Calicut International Airport,342,AS,IN,IN-KL,Calicut,VOCL,CCJ,,75.95529938,11.13679981
VDPP,large_airport,Phnom Penh International Airport,40,AS,KH,KH-8,Phnom Penh,VDPP,PNH,,104.8440018,11.54660034
DNKN,large_airport,Mallam Aminu International Airport,1562,AF,NG,NG-KN,Kano,DNKN,KAN,,8.52462,12.0476
VOMM,large_airport,Chennai International Airport,52,AS,IN,IN-TN,Chennai,VOMM,MAA,,80.16929626,12.99000549
VOBL,large_airport,Kempegowda International Airport,3000,AS,IN,IN-KA,Bangalore,VOBL,BLR,,77.706299,13.1979
VDSR,large_airport,Siem Reap International Airport,60,AS,KH,KH-17,Siem Reap,VDSR,REP,,103.8130035,13.41069984
MSLP,large_airport,Monseñor Óscar Arnulfo Romero International Airport,101,NA,SV,SV-PA,San Salvador (San Luis Talpa),MSLP,SAL,,-89.055702,13.4409
PGUM,large_airport,Antonio B. Won Pat International Airport,298,OC,GU,GU-U-A,"Hagåtña, Guam International Airport",PGUM,GUM,GUM,144.7960052,13.48340034
VTBS,large_airport,Suvarnabhumi Airport,5,AS,TH,TH-10,Bangkok,VTBS,BKK,,100.7470016,13.68109989
VTBD,large_airport,Don Mueang International Airport,9,AS,TH,TH-10,Bangkok,VTBD,DMK,,100.6070023,13.91259956
RPLL,large_airport,Ninoy Aquino International Airport,75,AS,PH,PH-U-A,Manila,RPLL,MNL,,121.019997,14.5086
GOBD,large_airport,Diass-Thies Blaise Diagne International Airport,290,AF,SN,SN-DK,Dakar,GOBD,DSS,,-17.07333333,14.67
GOOY,large_airport,Léopold Sédar Senghor International Airport,85,AF,SN,SN-DK,Dakar,GOOY,DKR,,-17.49020004,14.73970032
RPLC,large_airport,Diosdado Macapagal International Airport,484,AS,PH,PH-PAM,Angeles/Mabalacat,RPLC,CRK,,120.559998,15.186
VAGO,large_airport,Dabolim Airport,150,AS,IN,IN-GA,Vasco da Gama,VOGO,GOI,,73.83139801,15.38080025
HSSS,large_airport,Khartoum International Airport,1265,AF,SD,SD-03,Khartoum,HSSS,KRT,,32.55319977,15.58950043
VVDN,large_airport,Da Nang International Airport,33,AS,VN,VN-60,Da Nang,VVDN,DAD,,108.1989975,16.04389954
TFFR,large_airport,Pointe-à-Pitre Le Raizet,36,NA,GP,GP-U-A,Pointe-à-Pitre,TFFR,PTP,,-61.531799,16.265301
MMAA,large_airport,General Juan N Alvarez International Airport,16,NA,MX,MX-GRO,Acapulco,MMAA,ACA,,-99.7539978,16.75709915
VYYY,large_airport,Yangon International Airport,109,AS,MM,MM-06,Yangon,VYYY,RGN,,96.1332016,16.90730095
VOHS,large_airport,Rajiv Gandhi International Airport,2024,AS,IN,IN-TG,Hyderabad,VOHS,HYD,,78.42985535,17.23131752
MZBZ,large_airport,Philip S. W. Goldson International Airport,15,NA,BZ,BZ-BZ,Belize City,MZBZ,BZE,,-88.30819702,17.53910065
MKJP,large_airport,Norman Manley International Airport,10,NA,JM,JM-01,Kingston,MKJP,KIN,,-76.78749847,17.93569946
TNCM,large_airport,Princess Juliana International Airport,13,NA,SX,SX-U-A,Saint Martin,TNCM,SXM,,-63.10889816,18.04100037
ZJSY,large_airport,Sanya Phoenix International Airport,92,AS,CN,CN-46,Sanya,ZJSY,SYX,,109.4120026,18.30290031
GQNO,large_airport,Nouakchott–Oumtounsy International Airport,9,AF,MR,MR-NKC,Nouakchott,GQNO,NKC,,-15.9697222,18.31
MDSD,large_airport,Las Américas International Airport,59,NA,DO,DO-01,Santo Domingo,MDSD,SDQ,,-69.66889954,18.42970085
TJSJ,large_airport,Luis Munoz Marin International Airport,9,NA,PR,PR-U-A,San Juan,TJSJ,SJU,SJU,-66.00180054,18.43939972
MDPC,large_airport,Punta Cana International Airport,47,NA,DO,DO-11,Punta Cana,MDPC,PUJ,,-68.36340332,18.56739998
VTCC,large_airport,Chiang Mai International Airport,1036,AS,TH,TH-50,Chiang Mai,VTCC,CNX,,98.96260071,18.76679993
VABB,large_airport,Chhatrapati Shivaji International Airport,39,AS,IN,IN-MM,Mumbai,VABB,BOM,,72.86789703,19.08869934
MWCR,large_airport,Owen Roberts International Airport,8,NA,KY,KY-U-A,Georgetown,MWCR,GCM,,-81.35769653,19.2928009
MMMX,large_airport,Licenciado Benito Juarez International Airport,7316,NA,MX,MX-DIF,Mexico City,MMMX,MEX,ME1,-99.072098,19.4363
OM-0003,large_airport,Duqm International Airport,364,AS,OM,OM-WU,Duqm,OODQ,DQM,,57.634167,19.501944
ZJHK,large_airport,Haikou Meilan International Airport,75,AS,CN,CN-46,Haikou,ZJHK,HAK,,110.4589996,19.93490028
MMGL,large_airport,Don Miguel Hidalgo Y Costilla International Airport,5016,NA,MX,MX-JAL,Guadalajara,MMGL,GDL,,-103.310997,20.52179909
MMPR,large_airport,Licenciado Gustavo Díaz Ordaz International Airport,23,NA,MX,MX-JAL,Puerto Vallarta,MMPR,PVR,,-105.2539978,20.68009949
MMUN,large_airport,Cancún International Airport,22,NA,MX,MX-ROO,Cancún,MMUN,CUN,,-86.87709808,21.03650093
VVNB,large_airport,Noi Bai International Airport,39,AS,VN,VN-15,Hanoi,VVNB,HAN,,105.8069992,21.22120094
PHNL,large_airport,Daniel K Inouye International Airport,13,NA,US,US-HI,Honolulu,PHNL,HNL,HNL,-157.924228,21.32062
OEJN,large_airport,King Abdulaziz International Airport,48,AS,SA,SA-02,Jeddah,OEJN,JED,,39.156502,21.6796
VYMD,large_airport,Mandalay International Airport,300,AS,MM,MM-04,Mandalay,VYMD,MDL,,95.97789764,21.70219994
VMMC,large_airport,Macau International Airport,20,AS,MO,MO-U-A,Macau,VMMC,MFM,,113.592003,22.149599
VHHH,large_airport,Hong Kong International Airport,28,AS,HK,HK-U-A,Hong Kong,VHHH,HKG,,113.915001,22.308901
RCKH,large_airport,Kaohsiung International Airport,31,AS,TW,TW-KHH,Kaohsiung City,RCKH,KHH,,120.3499985,22.57710075
ZGNN,large_airport,Nanning Wuxu Airport,421,AS,CN,CN-45,Nanning,ZGNN,NNG,,108.1719971,22.60829926
ZGSZ,large_airport,Shenzhen Bao'an International Airport,13,AS,CN,CN-44,Shenzhen,ZGSZ,SZX,,113.810997,22.63929939
VECC,large_airport,Netaji Subhash Chandra Bose International Airport,16,AS,IN,IN-WB,Kolkata,VECC,CCU,,88.44670105,22.65469933
MUHA,large_airport,José Martí International Airport,210,NA,CU,CU-03,Havana,MUHA,HAV,,-82.40910339,22.98920059
MUVR,large_airport,Juan Gualberto Gomez International Airport,210,NA,CU,CU-04,Varadero,MUVR,VRA,,-81.43530273,23.03440094
MMSD,large_airport,Los Cabos International Airport,374,NA,MX,MX-BCS,San José del Cabo,MMSD,SJD,,-109.7210007,23.15180016
ZGGG,large_airport,Guangzhou Baiyun International Airport,50,AS,CN,CN-44,Guangzhou,ZGGG,CAN,,113.2990036,23.39240074
OOMS,large_airport,Muscat International Airport,48,AS,OM,OM-MA,Muscat,OOMS,MCT,,58.28440094,23.59329987
OM-0004,large_airport,Rustaq Airport,349,AS,OM,OM-BA,Al Masna'ah,OORQ,MNH,,57.4875,23.640556
RCBS,large_airport,Kinmen Airport,93,AS,TW,TW-X-KM,Shang-I,RCBS,KNH,,118.359001,24.4279
OMAA,large_airport,Abu Dhabi International Airport,88,AS,AE,AE-AZ,Abu Dhabi,OMAA,AUH,,54.65110016,24.43300056
ZSAM,large_airport,Xiamen Gaoqi International Airport,59,AS,CN,CN-35,Xiamen,ZSAM,XMN,,118.1279984,24.54400063
OEMA,large_airport,Prince Mohammad Bin Abdulaziz Airport,2151,AS,SA,SA-03,Medina,OEMA,MED,,39.705101,24.5534
OMDW,large_airport,Al Maktoum International Airport,114,AS,AE,AE-DU,Jebel Ali,OMDW,DWC,,55.161389,24.896356
OERK,large_airport,King Khaled International Airport,2049,AS,SA,SA-01,Riyadh,OERK,RUH,,46.69879913,24.95759964
MYNN,large_airport,Lynden Pindling International Airport,16,NA,BS,BS-NP,Nassau,MYNN,NAS,,-77.46620178,25.03899956
RCTP,large_airport,Taiwan Taoyuan International Airport,106,AS,TW,TW-TAO,Taipei,RCTP,TPE,,121.233002,25.0777
ZPPP,large_airport,Kunming Changshui International Airport,6903,AS,CN,CN-53,Kunming,ZPPP,KMG,,102.9291667,25.1019444
ZGKL,large_airport,Guilin Liangjiang International Airport,570,AS,CN,CN-45,Guilin City,ZGKL,KWL,,110.0390015,25.21809959
OMDB,large_airport,Dubai International Airport,62,AS,AE,AE-DU,Dubai,OMDB,DXB,,55.36439896,25.25279999
QA-0001,large_airport,Hamad International Airport,13,AS,QA,QA-DA,Doha,OTHH,DOH,,51.608056,25.273056
OMSJ,large_airport,Sharjah International Airport,111,AS,AE,AE-SH,Sharjah,OMSJ,SHJ,,55.51720047,25.32859993
HELX,large_airport,Luxor International Airport,294,AF,EG,EG-KN,Luxor,HELX,LXR,,32.7066,25.671
MMMY,large_airport,General Mariano Escobedo International Airport,1278,NA,MX,MX-NLE,Monterrey,MMMY,MTY,,-100.1070023,25.7784996
KMIA,large_airport,Miami International Airport,8,NA,US,US-FL,Miami,KMIA,MIA,MIA,-80.29060364,25.79319954
ZSFZ,large_airport,Fuzhou Changle International Airport,46,AS,CN,CN-35,Fuzhou,ZSFZ,FOC,,119.663002,25.93510056
KFLL,large_airport,Fort Lauderdale Hollywood International Airport,9,NA,US,US-FL,Fort Lauderdale,KFLL,FLL,FLL,-80.152702,26.072599
ROAH,large_airport,Naha Airport,12,AS,JP,JP-47,Naha,ROAH,OKA,,127.6460037,26.19580078
OEDR,large_airport,King Abdulaziz Air Base,84,AS,SA,SA-04,,OEDR,DHA,,50.15200043,26.26539993
OBBI,large_airport,Bahrain International Airport,6,AS,BH,BH-15,Manama,OBBI,BAH,,50.63359833,26.27079964
RODN,large_airport,Kadena Air Base,143,AS,JP,JP-47,,RODN,DNA,,127.767998,26.3556
OEDF,large_airport,King Fahd International Airport,72,AS,SA,SA-04,Ad Dammam,OEDF,DMM,,49.79790115,26.47120094
KRSW,large_airport,Southwest Florida International Airport,30,NA,US,US-FL,Fort Myers,KRSW,RSW,RSW,-81.75520325,26.53619957
ZUGY,large_airport,Longdongbao Airport,3736,AS,CN,CN-52,Guiyang,ZUGY,KWE,,106.8010025,26.53849983
KPBI,large_airport,Palm Beach International Airport,19,NA,US,US-FL,West Palm Beach,KPBI,PBI,PBI,-80.09559631,26.68320084
HEGN,large_airport,Hurghada International Airport,52,AF,EG,EG-BA,Hurghada,HEGN,HRG,,33.79940033,27.17830086
KSRQ,large_airport,Sarasota Bradenton International Airport,30,NA,US,US-FL,Sarasota/Bradenton,KSRQ,SRQ,SRQ,-82.55439758,27.39539909
KCRP,large_airport,Corpus Christi International Airport,44,NA,US,US-TX,Corpus Christi,KCRP,CRP,CRP,-97.50119781,27.77039909
KMCF,large_airport,Mac Dill Air Force Base,14,NA,US,US-FL,Tampa,KMCF,MCF,MCF,-82.52120209,27.84930038
ZSWZ,large_airport,Wenzhou Longwan International Airport,,AS,CN,CN-33,Wenzhou,ZSWZ,WNZ,,120.851997,27.912201
GCLP,large_airport,Gran Canaria Airport,78,EU,ES,ES-CN,Gran Canaria Island,GCLP,LPA,,-15.38659954,27.93190002
KTPA,large_airport,Tampa International Airport,26,NA,US,US-FL,Tampa,KTPA,TPA,TPA,-82.53320313,27.97550011
GCTS,large_airport,Tenerife South Airport,209,EU,ES,ES-CN,Tenerife Island,GCTS,TFS,,-16.57250023,28.04450035
ZGHA,large_airport,Changsha Huanghua International Airport,217,AS,CN,CN-43,Changsha,ZGHA,CSX,,113.2200012,28.18919945
KMCO,large_airport,Orlando International Airport,96,NA,US,US-FL,Orlando,KMCO,MCO,MCO,-81.30899811,28.42939949
GCXO,large_airport,Tenerife Norte Airport,2076,EU,ES,ES-CN,Tenerife Island,GCXO,TFN,,-16.34149933,28.48270035
VIDP,large_airport,Indira Gandhi International Airport,777,AS,IN,IN-DL,New Delhi,VIDP,DEL,,77.103104,28.5665
KSFB,large_airport,Orlando Sanford International Airport,55,NA,US,US-FL,Orlando,KSFB,SFB,SFB,-81.23750305,28.77759933
MMHO,large_airport,General Ignacio P. Garcia International Airport,627,NA,MX,MX-SON,Hermosillo,MMHO,HMO,,-111.0479965,29.09589958
KDAB,large_airport,Daytona Beach International Airport,34,NA,US,US-FL,Daytona Beach,KDAB,DAB,DAB,-81.058098,29.179899
OKBK,large_airport,Kuwait International Airport,206,AS,KW,KW-FA,Kuwait City,OKBK,KWI,,47.96889877,29.22660065
KDLF,large_airport,Laughlin Air Force Base,1082,NA,US,US-TX,Del Rio,KDLF,DLF,DLF,-100.7779999,29.35950089
KRND,large_airport,Randolph Air Force Base,761,NA,US,US-TX,Universal City,KRND,RND,RND,-98.27890015,29.52969933
KSAT,large_airport,San Antonio International Airport,809,NA,US,US-TX,San Antonio,KSAT,SAT,SAT,-98.46980286,29.53370094
OISS,large_airport,Shiraz Shahid Dastghaib International Airport,4920,AS,IR,IR-14,Shiraz,OISS,SYZ,,52.58980179,29.53919983
KHOU,large_airport,William P Hobby Airport,46,NA,US,US-TX,Houston,KHOU,HOU,HOU,-95.27890015,29.64539909
ZUCK,large_airport,Chongqing Jiangbei International Airport,1365,AS,CN,CN-50,Chongqing,ZUCK,CKG,,106.6419983,29.71920013
ZSNB,large_airport,Ningbo Lishe International Airport,13,AS,CN,CN-33,Ningbo,ZSNB,NGB,,121.461998,29.82670021
LLOV,large_airport,Ovda International Airport,1492,AS,IL,IL-D,Eilat,LLOV,VDA,,34.93579865,29.94029999
KIAH,large_airport,George Bush Intercontinental Houston Airport,97,NA,US,US-TX,Houston,KIAH,IAH,IAH,-95.34140015,29.9843998
KMSY,large_airport,Louis Armstrong New Orleans International Airport,4,NA,US,US-LA,New Orleans,KMSY,MSY,MSY,-90.25800323,29.99340057
KPAM,large_airport,Tyndall Air Force Base,17,NA,US,US-FL,Panama City,KPAM,PAM,PAM,-85.57540131,30.06959915
HECA,large_airport,Cairo International Airport,382,AF,EG,EG-C,Cairo,HECA,CAI,,31.40559959,30.12190056
KAUS,large_airport,Austin Bergstrom International Airport,542,NA,US,US-TX,Austin,KAUS,AUS,AUS,-97.66989899,30.19449997
KLFT,large_airport,Lafayette Regional Airport,42,NA,US,US-LA,Lafayette,KLFT,LFT,LFT,-91.98760223,30.20529938
ZSHC,large_airport,Hangzhou Xiaoshan International Airport,23,AS,CN,CN-33,Hangzhou,ZSHC,HGH,,120.4339981,30.22949982
KTLH,large_airport,Tallahassee Regional Airport,81,NA,US,US-FL,Tallahassee,KTLH,TLH,TLH,-84.35030365,30.39649963
KGPT,large_airport,Gulfport Biloxi International Airport,28,NA,US,US-MS,Gulfport,KGPT,GPT,GPT,-89.07009888,30.40730095
KVPS,large_airport,Destin-Ft Walton Beach Airport,87,NA,US,US-FL,Valparaiso,KVPS,VPS,VPS,-86.525398,30.4832
KJAX,large_airport,Jacksonville International Airport,30,NA,US,US-FL,Jacksonville,KJAX,JAX,JAX,-81.68789673,30.49410057
ORMM,large_airport,Basrah International Airport,11,AS,IQ,IQ-BA,Basrah,ORMM,BSR,,47.66210175,30.54910088
ZUUU,large_airport,Chengdu Shuangliu International Airport,1625,AS,CN,CN-51,Chengdu,ZUUU,CTU,,103.9469986,30.57850075
KMOB,large_airport,Mobile Regional Airport,219,NA,US,US-AL,Mobile,KMOB,MOB,MOB,-88.24279785,30.69120026
ZHHH,large_airport,Wuhan Tianhe International Airport,113,AS,CN,CN-42,Wuhan,ZHHH,WUH,,114.208,30.7838
ZSPD,large_airport,Shanghai Pudong International Airport,13,AS,CN,CN-31,Shanghai,ZSPD,PVG,,121.8050003,31.14340019
ZSSS,large_airport,Shanghai Hongqiao International Airport,10,AS,CN,CN-31,Shanghai,ZSSS,SHA,,121.3359985,31.19790077
AMC,large_airport,Mar de Cortés International Airport,71,NA,MX,MX-SON,Puerto Peñasco,MMPE,PPE,83550,-113.305177,31.351987
VIAR,large_airport,Sri Guru Ram Dass Jee International Airport,756,AS,IN,IN-PB,Amritsar,VIAR,ATQ,,74.79730225,31.70960045
OJAI,large_airport,Queen Alia International Airport,2395,AS,JO,JO-AM,Amman,OJAI,AMM,,35.99319839,31.72260094
ZSNJ,large_airport,Nanjing Lukou Airport,49,AS,CN,CN-32,Nanjing,ZSNJ,NKG,,118.8619995,31.74200058
RJFK,large_airport,Kagoshima Airport,906,AS,JP,JP-46,Kagoshima,RJFK,KOJ,,130.7189941,31.80340004
LLBG,large_airport,Ben Gurion International Airport,135,AS,IL,IL-M,Tel Aviv,LLBG,TLV,,34.88669968,32.01139832
KTUS,large_airport,Tucson International Airport,2643,NA,US,US-AZ,Tucson,KTUS,TUS,TUS,-110.9410019,32.11610031
KSAV,large_airport,Savannah Hilton Head International Airport,50,NA,US,US-GA,Savannah,KSAV,SAV,SAV,-81.20210266,32.12760162
KMGM,large_airport,Montgomery Regional (Dannelly Field) Airport,221,NA,US,US-AL,Montgomery,KMGM,MGM,MGM,-86.39399719,32.30059814
KJAN,large_airport,Jackson-Medgar Wiley Evers International Airport,346,NA,US,US-MS,Jackson,KJAN,JAN,JAN,-90.07589722,32.31119919
KDYS,large_airport,Dyess Air Force Base,1789,NA,US,US-TX,Abilene,KDYS,DYS,DYS,-99.854599,32.42079926
KBAD,large_airport,Barksdale Air Force Base,166,NA,US,US-LA,Bossier City,KBAD,BAD,BAD,-93.66269684,32.50180054
KMLU,large_airport,Monroe Regional Airport,79,NA,US,US-LA,Monroe,KMLU,MLU,MLU,-92.03769684,32.51089859
OPST,large_airport,Sialkot Airport,837,AS,PK,PK-PB,Sialkot,OPST,SKT,,74.3638916,32.53555679
MMTJ,large_airport,General Abelardo L. Rodríguez International Airport,489,NA,MX,MX-BCN,Tijuana,MMTJ,TIJ,,-116.9700012,32.54109955
KWRB,large_airport,Robins Air Force Base,294,NA,US,US-GA,Warner Robins,KWRB,WRB,WRB,-83.59190369,32.64009857
HLLT,large_airport,Tripoli International Airport,263,AF,LY,LY-TB,Tripoli,HLLT,TIP,,13.1590004,32.66350174
KSAN,large_airport,San Diego International Airport,17,NA,US,US-CA,San Diego,KSAN,SAN,SAN,-117.1900024,32.73360062
KFTW,large_airport,Fort Worth Meacham International Airport,710,NA,US,US-TX,Fort Worth,KFTW,FTW,FTW,-97.362396,32.819801
KDAL,large_airport,Dallas Love Field,487,NA,US,US-TX,Dallas,KDAL,DAL,DAL,-96.851799,32.847099
KHMN,large_airport,Holloman Air Force Base,4093,NA,US,US-NM,Alamogordo,KHMN,HMN,HMN,-106.1070023,32.85250092
KDFW,large_airport,Dallas Fort Worth International Airport,607,NA,US,US-TX,Dallas-Fort Worth,KDFW,DFW,DFW,-97.038002,32.896801
KCHS,large_airport,Charleston Air Force Base-International Airport,46,NA,US,US-SC,Charleston,KCHS,CHS,CHS,-80.04049683,32.89860153
KAFW,large_airport,Fort Worth Alliance Airport,722,NA,US,US-TX,Fort Worth,KAFW,AFW,AFW,-97.31880188,32.98759842
ORBI,large_airport,Baghdad International Airport,114,AS,IQ,IQ-BG,Baghdad,ORBI,BGW,,44.23460007,33.26250076
GMMN,large_airport,Mohammed V International Airport,656,AF,MA,MA-CAS,Casablanca,GMMN,CMN,,-7.589970112,33.36750031
KAGS,large_airport,Augusta Regional At Bush Field,144,NA,US,US-GA,Augusta,KAGS,AGS,AGS,-81.96450043,33.36989975
OSDI,large_airport,Damascus International Airport,2020,AS,SY,SY-DI,Damascus,OSDI,DAM,,36.5155983,33.41149902
KPHX,large_airport,Phoenix Sky Harbor International Airport,1135,NA,US,US-AZ,Phoenix,KPHX,PHX,PHX,-112.012001,33.43429947
RKPC,large_airport,Jeju International Airport,118,AS,KR,KR-49,Jeju City,RKPC,CJU,,126.4929962,33.51129913
KLUF,large_airport,Luke Air Force Base,1085,NA,US,US-AZ,Glendale,KLUF,LUF,LUF,-112.3830032,33.53499985
PK-0001,large_airport,New Islamabad International Airport,1646,AS,PK,PK-PB,Islamabad,OPIS,ISB,OPIS,72.851613,33.560713
KBHM,large_airport,Birmingham-Shuttlesworth International Airport,650,NA,US,US-AL,Birmingham,KBHM,BHM,BHM,-86.75350189,33.56290054
RJFF,large_airport,Fukuoka Airport,32,AS,JP,JP-40,Fukuoka,RJFF,FUK,,130.451004,33.58589935
KATL,large_airport,Hartsfield Jackson Atlanta International Airport,1026,NA,US,US-GA,Atlanta,KATL,ATL,ATL,-84.428101,33.6367
KCBM,large_airport,Columbus Air Force Base,219,NA,US,US-MS,Columbus,KCBM,CBM,CBM,-88.44380188,33.64379883
KLBB,large_airport,Lubbock Preston Smith International Airport,3282,NA,US,US-TX,Lubbock,KLBB,LBB,LBB,-101.822998,33.663601
KSNA,large_airport,John Wayne Airport-Orange County Airport,56,NA,US,US-CA,Santa Ana,KSNA,SNA,SNA,-117.8679962,33.67570114
OLBA,large_airport,Beirut Rafic Hariri International Airport,87,AS,LB,LB-JL,Beirut,OLBA,BEY,,35.48839951,33.82089996
KMGE,large_airport,Dobbins Air Reserve Base,1068,NA,US,US-GA,Marietta,KMGE,MGE,MGE,-84.51629639,33.91540146
KCAE,large_airport,Columbia Metropolitan Airport,236,NA,US,US-SC,Columbia,KCAE,CAE,CAE,-81.11949921,33.93880081
KLAX,large_airport,Los Angeles International Airport,125,NA,US,US-CA,Los Angeles,KLAX,LAX,LAX,-118.4079971,33.94250107
KSSC,large_airport,Shaw Air Force Base,241,NA,US,US-SC,Sumter,KSSC,SSC,SSC,-80.47059631,33.97269821
KSPS,large_airport,Sheppard Air Force Base-Wichita Falls Municipal Airport,1019,NA,US,US-TX,Wichita Falls,KSPS,SPS,SPS,-98.491898,33.9888
KONT,large_airport,Ontario International Airport,944,NA,US,US-CA,Ontario,KONT,ONT,ONT,-117.6009979,34.05599976
KCVS,large_airport,Cannon Air Force Base,4295,NA,US,US-NM,Clovis,KCVS,CVS,CVS,-103.3219986,34.38280106
RJBB,large_airport,Kansai International Airport,26,AS,JP,JP-27,Osaka,RJBB,KIX,,135.2440033,34.4272995
ZLXY,large_airport,Xi'an Xianyang International Airport,1572,AS,CN,CN-61,Xi'an,ZLXY,XIY,,108.751999,34.447102
ZHCC,large_airport,Zhengzhou Xinzheng International Airport,495,AS,CN,CN-41,Zhengzhou,ZHCC,CGO,,113.8410034,34.5196991
LCRA,large_airport,RAF Akrotiri,76,EU,GB,GB-U-A,Akrotiri,LCRA,AKT,,32.9879,34.590401
KHSV,large_airport,Huntsville International Carl T Jones Field,629,NA,US,US-AL,Huntsville,KHSV,HSV,HSV,-86.77510071,34.6371994
KLTS,large_airport,Altus Air Force Base,1382,NA,US,US-OK,Altus,KLTS,LTS,LTS,-99.26670074,34.667099
LCPH,large_airport,Paphos International Airport,41,AS,CY,CY-06,Paphos,LCPH,PFO,,32.4856987,34.7179985
KLIT,large_airport,Bill & Hillary Clinton National Airport/Adams Field,262,NA,US,US-AR,Little Rock,KLIT,LIT,LIT,-92.22429657,34.72940063
KVBG,large_airport,Vandenberg Air Force Base,369,NA,US,US-CA,Lompoc,KVBG,VBG,VBG,-120.5839996,34.73730087
RJOO,large_airport,Osaka International Airport,50,AS,JP,JP-27,Osaka,RJOO,ITM,,135.4380035,34.78549957
rjns,large_airport,Mt. Fuji Shizuoka Airport,433,AS,JP,JP-22,Makinohara / Shimada,RJNS,FSZ,,138.1877518,34.79604347
RJGG,large_airport,Chubu Centrair International Airport,15,AS,JP,JP-23,Tokoname,RJGG,NGO,,136.8049927,34.85839844
LCLK,large_airport,Larnaca International Airport,8,AS,CY,CY-04,Larnarca,LCLK,LCA,,33.62490082,34.87509918
KGSP,large_airport,Greenville Spartanburg International Airport,964,NA,US,US-SC,Greenville,KGSP,GSP,GSP,-82.21890259,34.89569855
KEDW,large_airport,Edwards Air Force Base,2312,NA,US,US-CA,Edwards,KEDW,EDW,EDW,-117.884003,34.905399
RKJB,large_airport,Muan International Airport,35,AS,KR,KR-46,Piseo-ri (Muan),RKJB,MWX,,126.382814,34.991406
KCHA,large_airport,Lovell Field,683,NA,US,US-TN,Chattanooga,KCHA,CHA,CHA,-85.20379639,35.03530121
KABQ,large_airport,Albuquerque International Sunport,5355,NA,US,US-NM,Albuquerque,KABQ,ABQ,ABQ,-106.609001,35.040199
KMEM,large_airport,Memphis International Airport,341,NA,US,US-TN,Memphis,KMEM,MEM,MEM,-89.97669983,35.04240036
RKPK,large_airport,Gimhae International Airport,6,AS,KR,KR-26,Busan,RKPK,PUS,,128.9380035,35.17950058
KCLT,large_airport,Charlotte Douglas International Airport,748,NA,US,US-NC,Charlotte,KCLT,CLT,CLT,-80.94309998,35.2140007
KAMA,large_airport,Rick Husband Amarillo International Airport,3607,NA,US,US-TX,Amarillo,KAMA,AMA,AMA,-101.706001,35.219398
KFSM,large_airport,Fort Smith Regional Airport,469,NA,US,US-AR,Fort Smith,KFSM,FSM,FSM,-94.36740112,35.33660126
KGSB,large_airport,Seymour Johnson Air Force Base,109,NA,US,US-NC,Goldsboro,KGSB,GSB,GSB,-77.96060181,35.33940125
LGIR,large_airport,Heraklion International Nikos Kazantzakis Airport,115,EU,GR,GR-91,Heraklion,LGIR,HER,,25.18029976,35.33969879
KOKC,large_airport,Will Rogers World Airport,1295,NA,US,US-OK,Oklahoma City,KOKC,OKC,OKC,-97.60070038,35.39310074
OSLK,large_airport,Bassel Al-Assad International Airport,157,AS,SY,SY-LA,Latakia,OSLK,LTK,,35.94869995,35.40110016
KTIK,large_airport,Tinker Air Force Base,1291,NA,US,US-OK,Oklahoma City,KTIK,TIK,TIK,-97.38659668,35.41469955
OIIE,large_airport,Imam Khomeini International Airport,3305,AS,IR,IR-07,Tehran,OIIE,IKA,,51.15219879,35.41609955
KAVL,large_airport,Asheville Regional Airport,2165,NA,US,US-NC,Asheville,KAVL,AVL,AVL,-82.54180145,35.43619919
RJTT,large_airport,Tokyo Haneda International Airport,35,AS,JP,JP-13,Tokyo,RJTT,HND,,139.779999,35.552299
OIII,large_airport,Mehrabad International Airport,3962,AS,IR,IR-07,Tehran,OIII,THR,,51.31340027,35.68920135
RJTY,large_airport,Yokota Air Base,463,AS,JP,JP-13,Fussa,RJTY,OKO,,139.3480072,35.74850082
RJAA,large_airport,Narita International Airport,141,AS,JP,JP-12,Tokyo,RJAA,NRT,,140.3860016,35.76470184
KTYS,large_airport,McGhee Tyson Airport,981,NA,US,US-TN,Knoxville,KTYS,TYS,TYS,-83.9940033,35.81100082
LMML,large_airport,Malta International Airport,300,EU,MT,MT-25,Valletta,LMML,MLA,,14.4775,35.857498
KRDU,large_airport,Raleigh Durham International Airport,435,NA,US,US-NC,Raleigh/Durham,KRDU,RDU,RDU,-78.78749847,35.87760162
RKJK,large_airport,Kunsan Air Base,29,AS,KR,KR-45,Kunsan,RKJK,KUV,,126.6159973,35.90380096
TN-0002,large_airport,Enfidha - Hammamet International Airport,21,AF,TN,TN-51,Enfidha,DTNH,NBE,,10.438611,36.075833
KLAS,large_airport,McCarran International Airport,2181,NA,US,US-NV,Las Vegas,KLAS,LAS,LAS,-115.1520004,36.08010101
KGSO,large_airport,Piedmont Triad International Airport,925,NA,US,US-NC,Greensboro,KGSO,GSO,GSO,-79.93730164,36.09780121
KBNA,large_airport,Nashville International Airport,599,NA,US,US-TN,Nashville,KBNA,BNA,BNA,-86.67819977,36.12450027
OSAP,large_airport,Aleppo International Airport,1276,AS,SY,SY-HL,Aleppo,OSAP,ALP,,37.22439957,36.18069839
KTUL,large_airport,Tulsa International Airport,677,NA,US,US-OK,Tulsa,KTUL,TUL,TUL,-95.88809967,36.19839859
OIMM,large_airport,Mashhad International Airport,3263,AS,IR,IR-30,Mashhad,OIMM,MHD,,59.64099884,36.23519897
KEND,large_airport,Vance Air Force Base,1307,NA,US,US-OK,Enid,KEND,END,END,-97.91649628,36.33919907
KTRI,large_airport,Tri-Cities Regional TN/VA Airport,1519,NA,US,US-TN,Bristol/Johnson/Kingsport,KTRI,TRI,TRI,-82.407401,36.475201
LEMG,large_airport,Málaga Airport,53,EU,ES,ES-AN,Málaga,LEMG,AGP,,-4.499110222,36.67490005
DAAG,large_airport,Houari Boumediene Airport,82,AF,DZ,DZ-35,Algiers,DAAG,ALG,,3.215409994,36.69100189
LTBS,large_airport,Dalaman International Airport,20,AS,TR,TR-48,Dalaman,LTBS,DLM,,28.79249954,36.71310043
RKTU,large_airport,Cheongju International Airport/Cheongju Air Base (K-59/G-513),191,AS,KR,KR-43,Cheongju,RKTU,CJJ,,127.498741,36.717008
DTTA,large_airport,Tunis Carthage International Airport,22,AF,TN,TN-11,Tunis,DTTA,TUN,,10.22719955,36.85100174
ZSJN,large_airport,Yaoqiang Airport,76,AS,CN,CN-37,Jinan,ZSJN,TNA,,117.2160034,36.85720062
KORF,large_airport,Norfolk International Airport,26,NA,US,US-VA,Norfolk,KORF,ORF,ORF,-76.20120239,36.89459991
LTAI,large_airport,Antalya International Airport,177,AS,TR,TR-07,Antalya,LTAI,AYT,,30.800501,36.898701
LTAJ,large_airport,Gaziantep International Airport,2315,AS,TR,TR-27,Gaziantep,LTAJ,GZT,,37.47869873,36.94720078
LTAF,large_airport,Adana Airport,65,AS,TR,TR-01,Adana,LTAF,ADA,,35.28039932,36.98220062
LPFR,large_airport,Faro Airport,24,EU,PT,PT-08,Faro,LPFR,FAO,,-7.965909958,37.01440048
KLFI,large_airport,Langley Air Force Base,11,NA,US,US-VA,Hampton,KLFI,LFI,LFI,-76.36049652,37.082901
RKSO,large_airport,Osan Air Base,38,AS,KR,KR-41,,RKSO,OSN,,127.029999,37.090599
KPHF,large_airport,Newport News Williamsburg International Airport,42,NA,US,US-VA,Newport News,KPHF,PHF,PHF,-76.49299622,37.13190079
KJLN,large_airport,Joplin Regional Airport,981,NA,US,US-MO,Joplin,KJLN,JLN,JLN,-94.49829865,37.15179825
KSGF,large_airport,Springfield Branson National Airport,1268,NA,US,US-MO,Springfield,KSGF,SGF,SGF,-93.38860321,37.24570084
LTFE,large_airport,Milas Bodrum International Airport,21,AS,TR,TR-48,Bodrum,LTFE,BJV,,27.66430092,37.25059891
KROA,large_airport,Roanoke–Blacksburg Regional Airport,1175,NA,US,US-VA,Roanoke,KROA,ROA,ROA,-79.975403,37.3255
KSJC,large_airport,Norman Y. Mineta San Jose International Airport,62,NA,US,US-CA,San Jose,KSJC,SJC,SJC,-121.929001,37.362598
LICC,large_airport,Catania-Fontanarossa Airport,39,EU,IT,IT-82,Catania,LICC,CTA,CT03,15.0664,37.466801
RKSI,large_airport,Incheon International Airport,23,AS,KR,KR-28,Seoul,RKSI,ICN,,126.4509964,37.46910095
KRIC,large_airport,Richmond International Airport,167,NA,US,US-VA,Richmond,KRIC,RIC,RIC,-77.31970215,37.50519943
RKSS,large_airport,Gimpo International Airport,59,AS,KR,KR-11,Seoul,RKSS,GMP,,126.791,37.5583
KSFO,large_airport,San Francisco International Airport,13,NA,US,US-CA,San Francisco,KSFO,SFO,SFO,-122.375,37.61899948
KICT,large_airport,Wichita Eisenhower National Airport,1333,NA,US,US-KS,Wichita,KICT,ICT,ICT,-97.433098,37.649899
KOAK,large_airport,Metropolitan Oakland International Airport,9,NA,US,US-CA,Oakland,KOAK,OAK,OAK,-122.221001,37.721298
LPPD,large_airport,João Paulo II Airport,259,EU,PT,PT-20,Ponta Delgada,LPPD,PDL,,-25.69790077,37.74119949
ZBYN,large_airport,Taiyuan Wusu Airport,2575,AS,CN,CN-14,Taiyuan,ZBYN,TYN,,112.6279984,37.74689865
LTFC,large_airport,Süleyman Demirel International Airport,2835,AS,TR,TR-32,Isparta,LTFC,ISE,,30.36840057,37.85540009
LGAV,large_airport,Eleftherios Venizelos International Airport,308,EU,GR,GR-A1,Athens,LGAV,ATH,,23.94449997,37.93640137
KLEX,large_airport,Blue Grass Airport,979,NA,US,US-KY,Lexington,KLEX,LEX,LEX,-84.60590363,38.03649902
OITT,large_airport,Tabriz International Airport,4459,AS,IR,IR-01,Tabriz,OITT,TBZ,,46.23500061,38.13389969
KSDF,large_airport,Louisville International Standiford Field,501,NA,US,US-KY,Louisville,KSDF,SDF,SDF,-85.736,38.1744
LICJ,large_airport,Falcone–Borsellino Airport,65,EU,IT,IT-82,Palermo,LICJ,PMO,PA03,13.091,38.175999
KSUU,large_airport,Travis Air Force Base,62,NA,US,US-CA,Fairfield,KSUU,SUU,SUU,-121.927002,38.26269913
LEAL,large_airport,Alicante International Airport,142,EU,ES,ES-V,Alicante,LEAL,ALC,,-0.558156013,38.28219986
LTBJ,large_airport,Adnan Menderes International Airport,412,AS,TR,TR-35,İzmir,LTBJ,ADB,,27.15699959,38.29240036
KHTS,large_airport,Tri-State/Milton J. Ferguson Field,828,NA,US,US-WV,Huntington,KHTS,HTS,HTS,-82.55799866,38.36669922
KCRW,large_airport,Yeager Airport,981,NA,US,US-WV,Charleston,KCRW,CRW,CRW,-81.59320068,38.37310028
KBLV,large_airport,Scott AFB/Midamerica Airport,459,NA,US,US-IL,Belleville,KBLV,BLV,BLV,-89.835197,38.5452
KSUS,large_airport,Spirit of St Louis Airport,463,NA,US,US-MO,St Louis,KSUS,SUS,SUS,-90.65200043,38.66210175
KSMF,large_airport,Sacramento International Airport,27,NA,US,US-CA,Sacramento,KSMF,SMF,SMF,-121.5910034,38.69540024
KSZL,large_airport,Whiteman Air Force Base,870,NA,US,US-MO,Knob Noster,KSZL,SZL,SZL,-93.54789734,38.7303009
KSTL,large_airport,St Louis Lambert International Airport,618,NA,US,US-MO,St Louis,KSTL,STL,STL,-90.370003,38.748697
LPLA,large_airport,Lajes Airport,180,EU,PT,PT-20,Praia da Vitória,LPLA,TER,,-27.090799,38.761799
LPPT,large_airport,Humberto Delgado Airport (Lisbon Portela Airport),374,EU,PT,PT-11,Lisbon,LPPT,LIS,,-9.13592,38.7813
KADW,large_airport,Andrews Air Force Base,280,NA,US,US-MD,Camp Springs,KADW,ADW,ADW,-76.866997,38.810799
KDCA,large_airport,Ronald Reagan Washington National Airport,15,NA,US,US-DC,Washington,KDCA,DCA,DCA,-77.037697,38.8521
KIAD,large_airport,Washington Dulles International Airport,312,NA,US,US-DC,Washington,KIAD,IAD,IAD,-77.45580292,38.94449997
ZYTL,large_airport,Zhoushuizi Airport,107,AS,CN,CN-21,Dalian,ZYTL,DLC,,121.5390015,38.96569824
KCVG,large_airport,Cincinnati Northern Kentucky International Airport,896,NA,US,US-KY,Cincinnati,KCVG,CVG,CVG,-84.6678009,39.04880142
ZBTJ,large_airport,Tianjin Binhai International Airport,10,AS,CN,CN-12,Tianjin,ZBTJ,TSN,,117.3460007,39.12440109
KDOV,large_airport,Dover Air Force Base,24,NA,US,US-DE,Dover,KDOV,DOV,DOV,-75.46600342,39.12950134
KBAB,large_airport,Beale Air Force Base,113,NA,US,US-CA,Marysville,KBAB,BAB,BAB,-121.4369965,39.13610077
KBWI,large_airport,Baltimore/Washington International Thurgood Marshall Airport,146,NA,US,US-MD,Baltimore,KBWI,BWI,BWI,-76.668297,39.1754
LIEE,large_airport,Cagliari Elmas Airport,13,EU,IT,IT-88,Cagliari,LIEE,CAG,CA07,9.05428,39.251499
KMCI,large_airport,Kansas City International Airport,1026,NA,US,US-MO,Kansas City,KMCI,MCI,MCI,-94.713898,39.2976
KRNO,large_airport,Reno Tahoe International Airport,4415,NA,US,US-NV,Reno,KRNO,RNO,RNO,-119.7679977,39.49909973
LEPA,large_airport,Palma De Mallorca Airport,27,EU,ES,ES-PM,Palma De Mallorca,LEPA,PMI,,2.738810062,39.55170059
KIND,large_airport,Indianapolis International Airport,797,NA,US,US-IN,Indianapolis,KIND,IND,IND,-86.294403,39.7173
ZBNY,large_airport,Beijing Nanyuan Airport,,AS,CN,CN-11,Beijing,ZBNY,NAY,,116.3880005,39.78279877
KLCK,large_airport,Rickenbacker International Airport,744,NA,US,US-OH,Columbus,KLCK,LCK,LCK,-82.927803,39.813801
KFFO,large_airport,Wright-Patterson Air Force Base,823,NA,US,US-OH,Dayton,KFFO,FFO,FFO,-84.0483017,39.8260994
KSPI,large_airport,Abraham Lincoln Capital Airport,598,NA,US,US-IL,Springfield,KSPI,SPI,SPI,-89.67790222,39.84410095
KDEN,large_airport,Denver International Airport,5431,NA,US,US-CO,Denver,KDEN,DEN,DEN,-104.6729965,39.86169815
KPHL,large_airport,Philadelphia International Airport,36,NA,US,US-PA,Philadelphia,KPHL,PHL,PHL,-75.2410965,39.87189865
KDAY,large_airport,James M Cox Dayton International Airport,1009,NA,US,US-OH,Dayton,KDAY,DAY,DAY,-84.2193985,39.90240097
LTCE,large_airport,Erzurum International Airport,5763,AS,TR,TR-25,Erzurum,LTCE,ERZ,,41.17020035,39.95650101
KCMH,large_airport,John Glenn Columbus International Airport,815,NA,US,US-OH,Columbus,KCMH,CMH,CMH,-82.891899,39.998001
ZBAA,large_airport,Beijing Capital International Airport,116,AS,CN,CN-11,Beijing,ZBAA,PEK,,116.5849991,40.08010101
LTAC,large_airport,Esenboğa International Airport,3125,AS,TR,TR-06,Ankara,LTAC,ESB,,32.99509811,40.12810135
UDYZ,large_airport,Zvartnots International Airport,2838,AS,AM,AM-ER,Yerevan,UDYZ,EVN,,44.39590073,40.14730072
UBBB,large_airport,Heydar Aliyev International Airport,10,AS,AZ,AZ-BA,Baku,UBBB,GYD,,50.04669952,40.46749878
LEMD,large_airport,Adolfo Suárez Madrid–Barajas Airport,1998,EU,ES,ES-M,Madrid,LEMD,MAD,,-3.56264,40.471926
KBMI,large_airport,Central Illinois Regional Airport at Bloomington-Normal,871,NA,US,US-IL,Bloomington/Normal,KBMI,BMI,BMI,-88.91590118,40.47710037
KPIT,large_airport,Pittsburgh International Airport,1203,NA,US,US-PA,Pittsburgh,KPIT,PIT,PIT,-80.23290253,40.49150085
LGTS,large_airport,Thessaloniki Macedonia International Airport,22,EU,GR,GR-54,Thessaloniki,LGTS,SKG,,22.97089958,40.5196991
KJFK,large_airport,John F Kennedy International Airport,13,NA,US,US-NY,New York,KJFK,JFK,JFK,-73.77890015,40.63980103
KGUS,large_airport,Grissom Air Reserve Base,812,NA,US,US-IN,Peru,KGUS,GUS,GUS,-86.15209961,40.64810181
KPIA,large_airport,General Wayne A. Downing Peoria International Airport,660,NA,US,US-IL,Peoria,KPIA,PIA,PIA,-89.69329834,40.66419983
KEWR,large_airport,Newark Liberty International Airport,18,NA,US,US-NJ,Newark,KEWR,EWR,EWR,-74.16870117,40.69250107
KLGA,large_airport,La Guardia Airport,21,NA,US,US-NY,New York,KLGA,LGA,LGA,-73.87259674,40.77719879
KSLC,large_airport,Salt Lake City International Airport,4227,NA,US,US-UT,Salt Lake City,KSLC,SLC,SLC,-111.9779968,40.78839874
ZBHH,large_airport,Baita International Airport,3556,AS,CN,CN-15,Hohhot,ZBHH,HET,,111.823997,40.851398
LIRN,large_airport,Naples International Airport,294,EU,IT,IT-72,Nápoli,LIRN,NAP,NA01,14.2908,40.886002
LTFJ,large_airport,Sabiha Gökçen International Airport,312,AS,TR,TR-34,Istanbul,LTFJ,SAW,,29.30920029,40.89860153
LTBA,large_airport,Atatürk International Airport,163,AS,TR,TR-34,Istanbul,LTBA,IST,,28.8146,40.976898
KFWA,large_airport,Fort Wayne International Airport,814,NA,US,US-IN,Fort Wayne,KFWA,FWA,FWA,-85.19509888,40.97850037
LTCG,large_airport,Trabzon International Airport,104,AS,TR,TR-61,Trabzon,LTCG,TZX,,39.78969955,40.99509811
LIBD,large_airport,Bari Karol Wojtyła Airport,177,EU,IT,IT-75,Bari,LIBD,BRI,BA02,16.760599,41.138901
LPPR,large_airport,Francisco de Sá Carneiro Airport,228,EU,PT,PT-13,Porto,LPPR,OPO,,-8.681389809,41.24810028
UTTT,large_airport,Tashkent International Airport,1417,AS,UZ,UZ-TO,Tashkent,UTTT,TAS,,69.28119659,41.25790024
LEBL,large_airport,Barcelona International Airport,12,EU,ES,ES-CT,Barcelona,LEBL,BCN,,2.07846,41.2971
KOMA,large_airport,Eppley Airfield,984,NA,US,US-NE,Omaha,KOMA,OMA,OMA,-95.894096,41.3032
KCLE,large_airport,Cleveland Hopkins International Airport,791,NA,US,US-OH,Cleveland,KCLE,CLE,CLE,-81.84980011,41.4117012
LATI,large_airport,Tirana International Airport Mother Teresa,126,EU,AL,AL-11,Tirana,LATI,TIA,,19.72060013,41.41469955
KMLI,large_airport,Quad City International Airport,590,NA,US,US-IL,Moline,KMLI,MLI,MLI,-90.50749969,41.44850159
KDSM,large_airport,Des Moines International Airport,958,NA,US,US-IA,Des Moines,KDSM,DSM,DSM,-93.6631012,41.5340004
KTOL,large_airport,Toledo Express Airport,683,NA,US,US-OH,Toledo,KTOL,TOL,TOL,-83.80780029,41.58679962
ZYTX,large_airport,Taoxian Airport,198,AS,CN,CN-21,Shenyang,ZYTX,SHE,,123.4830017,41.63980103
UGTB,large_airport,Tbilisi International Airport,1624,AS,GE,GE-TB,Tbilisi,UGTB,TBS,,44.95470047,41.6692009
KSBN,large_airport,South Bend Regional Airport,799,NA,US,US-IN,South Bend,KSBN,SBN,SBN,-86.31729889,41.70869827
KMDW,large_airport,Chicago Midway International Airport,620,NA,US,US-IL,Chicago,KMDW,MDW,MDW,-87.752403,41.785999
LIRA,large_airport,Ciampino–G. B. Pastine International Airport,427,EU,IT,IT-62,Rome,LIRA,CIA,RM12,12.5949,41.7994
LIRF,large_airport,Leonardo da Vinci–Fiumicino Airport,13,EU,IT,IT-62,Rome,LIRF,FCO,RM11,12.2388889,41.8002778
KCID,large_airport,The Eastern Iowa Airport,869,NA,US,US-IA,Cedar Rapids,KCID,CID,CID,-91.71080017,41.88470078
KBDL,large_airport,Bradley International Airport,173,NA,US,US-CT,Hartford,KBDL,BDL,BDL,-72.68319702,41.93889999
KORD,large_airport,Chicago O'Hare International Airport,672,NA,US,US-IL,Chicago,KORD,ORD,ORD,-87.9048,41.9786
KERI,large_airport,Erie International Tom Ridge Field,732,NA,US,US-PA,Erie,KERI,ERI,ERI,-80.17386675,42.08312701
KRFD,large_airport,Chicago Rockford International Airport,742,NA,US,US-IL,Chicago/Rockford,KRFD,RFD,RFD,-89.09719849,42.19540024
KDTW,large_airport,Detroit Metropolitan Wayne County Airport,645,NA,US,US-MI,Detroit,KDTW,DTW,DTW,-83.35340118,42.21239853
LYPG,large_airport,Podgorica Airport,141,EU,ME,ME-16,Podgorica,LYPG,TGD,,19.2519,42.359402
KBOS,large_airport,General Edward Lawrence Logan International Airport,20,NA,US,US-MA,Boston,KBOS,BOS,BOS,-71.00520325,42.36429977
KDBQ,large_airport,Dubuque Regional Airport,1077,NA,US,US-IA,Dubuque,KDBQ,DBQ,DBQ,-90.70950317,42.40200043
KSUX,large_airport,Sioux Gateway Col. Bud Day Field,1098,NA,US,US-IA,Sioux City,KSUX,SUX,SUX,-96.38439941,42.40259933
LBBG,large_airport,Burgas Airport,135,EU,BG,BG-02,Burgas,LBBG,BOJ,,27.51519966,42.56959915
BKPR,large_airport,Priština International Airport,1789,EU,XK,XK-01,Prishtina,BKPR,PRN,,21.035801,42.5728
LBSF,large_airport,Sofia Airport,1742,EU,BG,BG-23,Sofia,LBSF,SOF,,23.41143608,42.69669342
RJCC,large_airport,New Chitose Airport,82,AS,JP,JP-01,Chitose / Tomakomai,RJCC,CTS,,141.6920013,42.77519989
LEST,large_airport,Santiago de Compostela Airport,1213,EU,ES,ES-GA,Santiago de Compostela,LEST,SCQ,,-8.415140152,42.89630127
KCPR,large_airport,Casper-Natrona County International Airport,5350,NA,US,US-WY,Casper,KCPR,CPR,CPR,-106.4639969,42.90800095
KBUF,large_airport,Buffalo Niagara International Airport,728,NA,US,US-NY,Buffalo,KBUF,BUF,BUF,-78.73220062,42.94049835
KMKE,large_airport,General Mitchell International Airport,723,NA,US,US-WI,Milwaukee,KMKE,MKE,MKE,-87.89659882,42.94720078
KMUO,large_airport,Mountain Home Air Force Base,2996,NA,US,US-ID,Mountain Home,KMUO,MUO,MUO,-115.872002,43.043598
UAFM,large_airport,Manas International Airport,2058,AS,KG,KG-C,Bishkek,UCFM,FRU,,74.4776001,43.06129837
KSYR,large_airport,Syracuse Hancock International Airport,421,NA,US,US-NY,Syracuse,KSYR,SYR,SYR,-76.10630035,43.11119843
KROC,large_airport,Greater Rochester International Airport,559,NA,US,US-NY,Rochester,KROC,ROC,ROC,-77.67240143,43.1189003
KMSN,large_airport,Dane County Regional Truax Field,887,NA,US,US-WI,Madison,KMSN,MSN,MSN,-89.33750153,43.13990021
LBWN,large_airport,Varna Airport,230,EU,BG,BG-03,Varna,LBWN,VAR,,27.8251,43.232101
UAAA,large_airport,Almaty Airport,2234,AS,KZ,KZ-ALM,Almaty,UAAA,ALA,,77.04049683,43.35210037
RU-0035,large_airport,Grozny North Airport,548,EU,RU,RU-CE,Grozny,URMG,GRV,,45.698601,43.388302
LFML,large_airport,Marseille Provence Airport,74,EU,FR,FR-U,Marseille,LFML,MRS,,5.221424103,43.43927192
URSS,large_airport,Sochi International Airport,89,EU,RU,RU-KDA,Sochi,URSS,AER,,39.9566,43.449902
KMBS,large_airport,MBS International Airport,668,NA,US,US-MI,Saginaw,KMBS,MBS,MBS,-84.07959747,43.53290176
KBOI,large_airport,Boise Air Terminal/Gowen Field,2871,NA,US,US-ID,Boise,KBOI,BOI,BOI,-116.223,43.5644
LFBO,large_airport,Toulouse-Blagnac Airport,499,EU,FR,FR-N,Toulouse/Blagnac,LFBO,TLS,,1.36382,43.629101
KPWM,large_airport,Portland International Jetport Airport,76,NA,US,US-ME,Portland,KPWM,PWM,PWM,-70.30930328,43.64619827
LFMN,large_airport,Nice-Côte d'Azur Airport,12,EU,FR,FR-U,Nice,LFMN,NCE,,7.215869904,43.65840149
CYYZ,large_airport,Lester B. Pearson International Airport,569,NA,CA,CA-ON,Toronto,CYYZ,YYZ,YYZ,-79.63059998,43.67720032
LIRP,large_airport,Pisa International Airport,6,EU,IT,IT-52,Pisa,LIRP,PSA,PI05,10.3927,43.683899
LQSA,large_airport,Sarajevo International Airport,1708,EU,BA,BA-BIH,Sarajevo,LQSA,SJJ,,18.3314991,43.82460022
ZWWW,large_airport,Ürümqi Diwopu International Airport,2125,AS,CN,CN-65,Ürümqi,ZWWW,URC,,87.47419739,43.90710068
KRST,large_airport,Rochester International Airport,1317,NA,US,US-MN,Rochester,KRST,RST,RST,-92.5,43.90829849
LIMJ,large_airport,Genoa Cristoforo Colombo Airport,13,EU,IT,IT-42,Genova,LIMJ,GOA,GE01,8.8375,44.4133
KGRB,large_airport,Austin Straubel International Airport,695,NA,US,US-WI,Green Bay,KGRB,GRB,GRB,-88.12960052,44.48509979
LIPE,large_airport,Bologna Guglielmo Marconi Airport,123,EU,IT,IT-45,Bologna,LIPE,BLQ,BO08,11.2887,44.5354
LROP,large_airport,Henri Coandă International Airport,314,EU,RO,RO-B,Bucharest,LROP,OTP,,26.085,44.5711111
KBGR,large_airport,Bangor International Airport,192,NA,US,US-ME,Bangor,KBGR,BGR,BGR,-68.82810211,44.80739975
LYBE,large_airport,Belgrade Nikola Tesla Airport,335,EU,RS,RS-00,Belgrade,LYBE,BEG,,20.3090992,44.81840134
LFBD,large_airport,Bordeaux-Mérignac Airport,162,EU,FR,FR-B,Bordeaux/Mérignac,LFBD,BOD,,-0.715556026,44.82830048
CYHZ,large_airport,Halifax / Stanfield International Airport,477,NA,CA,CA-NS,Halifax,CYHZ,YHZ,,-63.50859833,44.88079834
KMSP,large_airport,Minneapolis-St Paul International/Wold-Chamberlain Airport,841,NA,US,US-MN,Minneapolis,KMSP,MSP,MSP,-93.221802,44.882
UKFF,large_airport,Simferopol International Airport,639,EU,UA,UA-43,Simferopol,UKFF,SIP,,33.97510147,45.05220032
LIMF,large_airport,Turin Airport,989,EU,IT,IT-21,Torino,LIMF,TRN,TO11,7.64963,45.200802
CYOW,large_airport,Ottawa Macdonald-Cartier International Airport,374,NA,CA,CA-ON,Ottawa,CYOW,YOW,YOW,-75.66919708,45.32249832
LIPX,large_airport,Verona Villafranca Airport,239,EU,IT,IT-34,Verona,LIPX,VRN,VR10,10.8885,45.395699
LIML,large_airport,Milano Linate Airport,353,EU,IT,IT-25,Milan,LIML,LIN,MI11,9.27674,45.445099
CYUL,large_airport,Montreal / Pierre Elliott Trudeau International Airport,118,NA,CA,CA-QC,Montréal,CYUL,YUL,YUL,-73.74079895,45.47060013
LIPZ,large_airport,Venice Marco Polo Airport,7,EU,IT,IT-34,Venice,LIPZ,VCE,VE05,12.3519,45.505299
KPDX,large_airport,Portland International Airport,31,NA,US,US-OR,Portland,KPDX,PDX,PDX,-122.5979996,45.58869934
ZYHB,large_airport,Taiping Airport,457,AS,CN,CN-23,Harbin,ZYHB,HRB,,126.25,45.62340164
LIMC,large_airport,Malpensa International Airport,768,EU,IT,IT-25,Milan,LIMC,MXP,MI12,8.72811,45.6306
LIPH,large_airport,Treviso-Sant'Angelo Airport,59,EU,IT,IT-34,Treviso,LIPH,TSF,TV01,12.1944,45.648399
LIME,large_airport,Il Caravaggio International Airport,782,EU,IT,IT-25,Bergamo,LIME,BGY,BG01,9.70417,45.673901
LFLL,large_airport,Lyon Saint-Exupéry Airport,821,EU,FR,FR-V,Lyon,LFLL,LYS,,5.081111,45.725556
LDZA,large_airport,Zagreb Airport,353,EU,HR,HR-21,Zagreb,LDZA,ZAG,,16.06879997,45.74290085
KBIL,large_airport,Billings Logan International Airport,3652,NA,US,US-MT,Billings,KBIL,BIL,BIL,-108.5429993,45.80770111
LJLJ,large_airport,Ljubljana Jože Pučnik Airport,1273,EU,SI,SI-061,Ljubljana,LJLJ,LJU,,14.4576,46.223701
LSGG,large_airport,Geneva Cointrin International Airport,1411,EU,CH,CH-GE,Geneva,LSGG,GVA,,6.108950138,46.23809814
UKOO,large_airport,Odessa International Airport,172,EU,UA,UA-51,Odessa,UKOO,ODS,,30.67650032,46.42679977
KDLH,large_airport,Duluth International Airport,1428,NA,US,US-MN,Duluth,KDLH,DLH,DLH,-92.19360352,46.84209824
KTCM,large_airport,McChord Air Force Base,322,NA,US,US-WA,Tacoma,KTCM,TCM,TCM,-122.4759979,47.13769913
KHIB,large_airport,Range Regional Airport,1354,NA,US,US-MN,Hibbing,KHIB,HIB,HIB,-92.83899689,47.38660049
LHBP,large_airport,Budapest Liszt Ferenc International Airport,495,EU,HU,HU-PE,Budapest,LHBP,BUD,,19.261093,47.42976
KSEA,large_airport,Seattle Tacoma International Airport,433,NA,US,US-WA,Seattle,KSEA,SEA,SEA,-122.308998,47.449001
LSZH,large_airport,Zürich Airport,1416,EU,CH,CH-ZH,Zurich,LSZH,ZRH,,8.54917,47.464699
URRP,large_airport,Platov International Airport,213,EU,RU,RU-ROS,Rostov-on-Don,URRP,ROV,,39.924722,47.493888
KBFI,large_airport,Boeing Field King County International Airport,21,NA,US,US-WA,Seattle,KBFI,BFI,BFI,-122.302002,47.52999878
LFSB,large_airport,EuroAirport Basel-Mulhouse-Freiburg Airport,885,EU,FR,FR-A,Bâle/Mulhouse,LFSB,BSL,,7.5291667,47.59
KSKA,large_airport,Fairchild Air Force Base,2461,NA,US,US-WA,Spokane,KSKA,SKA,SKA,-117.6559982,47.61510086
CYYT,large_airport,St. John's International Airport,461,NA,CA,CA-NL,St. John's,CYYT,YYT,,-52.75189972,47.61859894
KGEG,large_airport,Spokane International Airport,2376,NA,US,US-WA,Spokane,KGEG,GEG,GEG,-117.5339966,47.61989975
LOWW,large_airport,Vienna International Airport,600,EU,AT,AT-9,Vienna,LOWW,VIE,,16.56970024,48.11029816
LZIB,large_airport,M. R. Štefánik Airport,436,EU,SK,SK-BL,Bratislava,LZIB,BTS,,17.21269989,48.17020035
EDDM,large_airport,Munich Airport,1487,EU,DE,DE-BY,Munich,EDDM,MUC,,11.7861,48.353802
UHHH,large_airport,Khabarovsk-Novy Airport,244,AS,RU,RU-KHA,Khabarovsk,UHHH,KHV,,135.1880035,48.52799988
CYYJ,large_airport,Victoria International Airport,63,NA,CA,CA-BC,Victoria,CYYJ,YYJ,,-123.4260025,48.64690018
EDDS,large_airport,Stuttgart Airport,1276,EU,DE,DE-BW,Stuttgart,EDDS,STR,,9.221960068,48.68989944
LFPO,large_airport,Paris-Orly Airport,291,EU,FR,FR-J,Paris,LFPO,ORY,,2.3794444,48.7233333
EDSB,large_airport,Karlsruhe Baden-Baden Airport,408,EU,DE,DE-BW,Baden-Baden,EDSB,FKB,,8.080499649,48.77939987
LFPG,large_airport,Charles de Gaulle International Airport,392,EU,FR,FR-J,Paris,LFPG,CDG,,2.55,49.012798
CYVR,large_airport,Vancouver International Airport,14,NA,CA,CA-BC,Vancouver,CYVR,YVR,,-123.1839981,49.19390106
ETAR,large_airport,Ramstein Air Base,776,EU,DE,DE-RP,Ramstein,ETAR,RMS,,7.600279808,49.43690109
EDDN,large_airport,Nuremberg Airport,1046,EU,DE,DE-BY,Nuremberg,EDDN,NUE,,11.078056,49.498699
ELLX,large_airport,Luxembourg-Findel International Airport,1234,EU,LU,LU-L,Luxembourg,ELLX,LUX,,6.2044444,49.6233333
UAKK,large_airport,Sary-Arka Airport,1765,AS,KZ,KZ-KAR,Karaganda,UAKK,KGF,,73.33439636,49.67079926
CYWG,large_airport,Winnipeg / James Armstrong Richardson International Airport,783,NA,CA,CA-MB,Winnipeg,CYWG,YWG,YWG,-97.23989868,49.90999985
UKHH,large_airport,Kharkiv International Airport,508,EU,UA,UA-63,Kharkiv,UKHH,HRK,,36.29000092,49.92480087
EDDF,large_airport,Frankfurt am Main Airport,364,EU,DE,DE-HE,Frankfurt am Main,EDDF,FRA,,8.570556,50.033333
EPKK,large_airport,Kraków John Paul II International Airport,791,EU,PL,PL-MA,Kraków,EPKK,KRK,,19.7848,50.077702
LKPR,large_airport,Václav Havel Airport Prague,1247,EU,CZ,CZ-PR,Prague,LKPR,PRG,,14.26,50.1008
UKBB,large_airport,Boryspil International Airport,427,EU,UA,UA-32,Kiev,UKBB,KBP,,30.8946991,50.34500122
EBCI,large_airport,Brussels South Charleroi Airport,614,EU,BE,BE-WHT,Brussels,EBCI,CRL,,4.45382,50.459202
EPKT,large_airport,Katowice International Airport,995,EU,PL,PL-SL,Katowice,EPKT,KTW,,19.08,50.4743
EBLG,large_airport,Liège Airport,659,EU,BE,BE-WLG,Liège,EBLG,LGG,,5.443220139,50.63740158
EGTE,large_airport,Exeter International Airport,102,EU,GB,GB-ENG,Exeter,EGTE,EXT,,-3.413889885,50.7344017
EGHH,large_airport,Bournemouth Airport,38,EU,GB,GB-ENG,Bournemouth,EGHH,BOH,,-1.842499971,50.77999878
EDDK,large_airport,Cologne Bonn Airport,302,EU,DE,DE-NW,Cologne,EDDK,CGN,,7.142739773,50.86589813
EBBR,large_airport,Brussels Airport,184,EU,BE,BE-BRU,Brussels,EBBR,BRU,,4.48443985,50.90140152
EHBK,large_airport,Maastricht Aachen Airport,375,EU,NL,NL-LI,Maastricht,EHBK,MST,,5.770140171,50.9117012
EGHI,large_airport,Southampton Airport,44,EU,GB,GB-ENG,Southampton,EGHI,SOU,,-1.35679996,50.95029831
UACC,large_airport,Astana International Airport,1165,AS,KZ,KZ-AKM,Astana,UACC,TSE,,71.46690369,51.02220154
EPWR,large_airport,Copernicus Wrocław Airport,404,EU,PL,PL-DS,Wrocław,EPWR,WRO,,16.88579941,51.10269928
CYYC,large_airport,Calgary International Airport,3557,NA,CA,CA-AB,Calgary,CYYC,YYC,,-114.0199966,51.11389923
EDDC,large_airport,Dresden Airport,755,EU,DE,DE-SN,Dresden,EDDC,DRS,,13.76720047,51.13280106
EGKK,large_airport,London Gatwick Airport,202,EU,GB,GB-ENG,London,EGKK,LGW,,-0.190278,51.148102
EDDL,large_airport,Düsseldorf Airport,147,EU,DE,DE-NW,Düsseldorf,EDDL,DUS,,6.76678,51.289501
EGGD,large_airport,Bristol Airport,622,EU,GB,GB-ENG,Bristol,EGGD,BRS,,-2.71909,51.382702
EGFF,large_airport,Cardiff International Airport,220,EU,GB,GB-WLS,Cardiff,EGFF,CWL,,-3.343329906,51.39670181
EDDP,large_airport,Leipzig/Halle Airport,465,EU,DE,DE-SN,Leipzig,EDDP,LEJ,,12.236389,51.423889
EHEH,large_airport,Eindhoven Airport,74,EU,NL,NL-NB,Eindhoven,EHEH,EIN,,5.374529839,51.45009995
EGLL,large_airport,London Heathrow Airport,83,EU,GB,GB-ENG,London,EGLL,LHR,,-0.461941,51.4706
EDLW,large_airport,Dortmund Airport,425,EU,DE,DE-NW,Dortmund,EDLW,DTM,,7.612239838,51.5182991
EGVA,large_airport,RAF Fairford,286,EU,GB,GB-ENG,Fairford,EGVA,FFD,,-1.790030003,51.68220139
EGVN,large_airport,RAF Brize Norton,288,EU,GB,GB-ENG,Brize Norton,EGVN,BZZ,,-1.58362,51.75
EICK,large_airport,Cork Airport,502,EU,IE,IE-C,Cork,EICK,ORK,,-8.491109848,51.84130096
EGGW,large_airport,London Luton Airport,526,EU,GB,GB-ENG,London,EGGW,LTN,,-0.368333012,51.87469864
EGSS,large_airport,London Stansted Airport,348,EU,GB,GB-ENG,London,EGSS,STN,,0.234999999,51.88499832
EDDG,large_airport,Münster Osnabrück Airport,160,EU,DE,DE-NW,Münster,EDDG,FMO,,7.684830189,52.13460159
EPWA,large_airport,Warsaw Chopin Airport,362,EU,PL,PL-MZ,Warsaw,EPWA,WAW,,20.96710014,52.16569901
EHAM,large_airport,Amsterdam Airport Schiphol,-11,EU,NL,NL-NH,Amsterdam,EHAM,AMS,,4.76389,52.308601
EGUN,large_airport,RAF Mildenhall,33,EU,GB,GB-ENG,Mildenhall,EGUN,MHZ,,0.486405998,52.36190033
EDDB,large_airport,Berlin-Schönefeld Airport,157,EU,DE,DE-BR,Berlin,EDDB,SXF,,13.5225,52.380001
EGUL,large_airport,RAF Lakenheath,32,EU,GB,GB-ENG,Lakenheath,EGUL,LKZ,,0.56099999,52.40930176
EPPO,large_airport,Poznań-Ławica Airport,308,EU,PL,PL-WP,Poznań,EPPO,POZ,,16.82629967,52.42100143
EPMO,large_airport,Modlin Airport,341,EU,PL,PL-MZ,Warsaw,EPMO,WMI,,20.6518,52.451099
EGBB,large_airport,Birmingham International Airport,327,EU,GB,GB-ENG,Birmingham,EGBB,BHX,,-1.748029947,52.45389938
EDDV,large_airport,Hannover Airport,183,EU,DE,DE-NI,Hannover,EDDV,HAJ,,9.685079575,52.46110153
EDDT,large_airport,Berlin-Tegel Airport,122,EU,DE,DE-BE,Berlin,EDDT,TXL,,13.2877,52.5597
EGSH,large_airport,Norwich International Airport,117,EU,GB,GB-ENG,Norwich,EGSH,NWI,,1.282780051,52.67580032
EINN,large_airport,Shannon Airport,46,EU,IE,IE-CE,Limerick,EINN,SNN,,-8.924819946,52.70199966
EGNX,large_airport,East Midlands Airport,306,EU,GB,GB-ENG,Nottingham,EGNX,EMA,,-1.328060031,52.83110046
EDDW,large_airport,Bremen Airport,14,EU,DE,DE-HB,Bremen,EDDW,BRE,,8.786669731,53.04750061
CYEG,large_airport,Edmonton International Airport,2373,NA,CA,CA-AB,Edmonton,CYEG,YEG,CYEG,-113.5800018,53.30970001
EGGP,large_airport,Liverpool John Lennon Airport,80,EU,GB,GB-ENG,Liverpool,EGGP,LPL,,-2.849720001,53.33359909
EGCC,large_airport,Manchester Airport,257,EU,GB,GB-ENG,Manchester,EGCC,MAN,,-2.274950027,53.35369873
EIDW,large_airport,Dublin Airport,242,EU,IE,IE-D,Dublin,EIDW,DUB,,-6.27007,53.421299
EGCN,large_airport,Robin Hood Doncaster Sheffield Airport,55,EU,GB,GB-ENG,Doncaster,EGCN,DSA,,-1.010656357,53.48053781
UWWW,large_airport,Kurumoch International Airport,477,EU,RU,RU-SAM,Samara,UWWW,KUF,,50.16429901,53.50490189
EDDH,large_airport,Hamburg Airport,53,EU,DE,DE-HH,Hamburg,EDDH,HAM,,9.988229752,53.63040161
EGNM,large_airport,Leeds Bradford Airport,681,EU,GB,GB-ENG,Leeds,EGNM,LBA,,-1.660570025,53.86589813
UMMS,large_airport,Minsk National Airport,670,EU,BY,BY-MI,Minsk,UMMS,MSQ,,28.03070068,53.88249969
EPGD,large_airport,Gdańsk Lech Wałęsa Airport,489,EU,PL,PL-PM,Gdańsk,EPGD,GDN,,18.46619987,54.37760162
UWUU,large_airport,Ufa International Airport,449,EU,RU,RU-BA,Ufa,UWUU,UFA,,55.87440109,54.55749893
EGAC,large_airport,George Best Belfast City Airport,15,EU,GB,GB-NIR,Belfast,EGAC,BHD,,-5.872499943,54.61809921
EYVI,large_airport,Vilnius International Airport,648,EU,LT,LT-VL,Vilnius,EYVI,VNO,,25.285801,54.634102
EGAA,large_airport,Belfast International Airport,268,EU,GB,GB-NIR,Belfast,EGAA,BFS,,-6.215829849,54.65750122
UNNT,large_airport,Tolmachevo Airport,365,AS,RU,RU-NVS,Novosibirsk,UNNT,OVB,,82.65070343,55.01259995
EGNT,large_airport,Newcastle Airport,266,EU,GB,GB-ENG,Newcastle,EGNT,NCL,,-1.691669941,55.03749847
UUDD,large_airport,Domodedovo International Airport,588,EU,RU,RU-MOS,Moscow,UUDD,DME,,37.90629959,55.40879822
ESMS,large_airport,Malmö Sturup Airport,236,EU,SE,SE-M,Malmö,ESMS,MMX,,13.37619781,55.53630536
UUBW,large_airport,Zhukovsky International Airport,377,EU,RU,RU-MOS,Zhukovsky,UUBW,ZIA,,38.150002,55.553299
UUWW,large_airport,Vnukovo International Airport,685,EU,RU,RU-MOS,Moscow,UUWW,VKO,,37.26150131,55.59149933
UWKD,large_airport,Kazan International Airport,411,EU,RU,RU-TA,Kazan,UWKD,KZN,,49.27870178,55.60620117
EKCH,large_airport,Copenhagen Kastrup Airport,17,EU,DK,DK-84,Copenhagen,EKCH,CPH,,12.65600014,55.61790085
EKBI,large_airport,Billund Airport,247,EU,DK,DK-83,Billund,EKBI,BLL,,9.151780128,55.74029922
EGPF,large_airport,Glasgow International Airport,26,EU,GB,GB-SCT,Glasgow,EGPF,GLA,,-4.433060169,55.87189865
EGPH,large_airport,Edinburgh Airport,135,EU,GB,GB-SCT,Edinburgh,EGPH,EDI,,-3.372499943,55.95000076
UUEE,large_airport,Sheremetyevo International Airport,622,EU,RU,RU-MOS,Moscow,UUEE,SVO,,37.4146,55.972599
UNKL,large_airport,Yemelyanovo Airport,942,EU,RU,RU-KYA,Krasnoyarsk,UNKL,KJA,,92.493301,56.172901
USSS,large_airport,Koltsovo Airport,764,AS,RU,RU-SVE,Yekaterinburg,USSS,SVX,,60.80270004,56.74309921
EVRA,large_airport,Riga International Airport,36,EU,LV,LV-RIX,Riga,EVRA,RIX,,23.97109985,56.92359924
EKYT,large_airport,Aalborg Airport,10,EU,DK,DK-81,Aalborg,EKYT,AAL,,9.849243164,57.09275891
EGPD,large_airport,Aberdeen Dyce Airport,215,EU,GB,GB-SCT,Aberdeen,EGPD,ABZ,,-2.197779894,57.20190048
ESGG,large_airport,Gothenburg-Landvetter Airport,506,EU,SE,SE-Q,Gothenburg,ESGG,GOT,,12.27980042,57.66279984
ENZV,large_airport,Stavanger Airport Sola,29,EU,NO,NO-11,Stavanger,ENZV,SVG,,5.63778019,58.87670135
EETN,large_airport,Lennart Meri Tallinn Airport,131,EU,EE,EE-37,Tallinn,EETN,TLL,,24.83279991,59.41329956
ESSA,large_airport,Stockholm-Arlanda Airport,137,EU,SE,SE-AB,Stockholm,ESSA,ARN,,17.91860008,59.65190125
ULLI,large_airport,Pulkovo Airport,78,EU,RU,RU-SPE,St. Petersburg,ULLI,LED,,30.26250076,59.8003006
ENGM,large_airport,Oslo Gardermoen Airport,681,EU,NO,NO-02,Oslo,ENGM,OSL,,11.10039997,60.19390106
ENBR,large_airport,Bergen Airport Flesland,170,EU,NO,NO-12,Bergen,ENBR,BGO,,5.218140125,60.29339981
EFHK,large_airport,Helsinki Vantaa Airport,179,EU,FI,FI-ES,Helsinki,EFHK,HEL,,24.9633007,60.31719971
PANC,large_airport,Ted Stevens Anchorage International Airport,152,NA,US,US-AK,Anchorage,PANC,ANC,ANC,-149.9960022,61.17440033
ENVA,large_airport,Trondheim Airport Værnes,56,EU,NO,NO-17,Trondheim,ENVA,TRD,,10.9239998,63.4578018
BIKF,large_airport,Keflavik International Airport,171,EU,IS,IS-2,Reykjavík,BIKF,KEF,,-22.60560036,63.98500061
PAFA,large_airport,Fairbanks International Airport,439,NA,US,US-AK,Fairbanks,PAFA,FAI,FAI,-147.8560028,64.81510162
ESPA,large_airport,Luleå Airport,65,EU,SE,SE-BD,Luleå,ESPA,LLA,,22.12199974,65.54380035
ENBO,large_airport,Bodø Airport,42,EU,NO,NO-18,Bodø,ENBO,BOO,,14.36530018,67.26920319
ENTC,large_airport,Tromsø Airport,31,EU,NO,NO-19,Tromsø,ENTC,TOS,,18.91889954,69.6832962
